saddr,uri,payload,payload-length
223.94.52.107,/device/inform/data,"
 postRequestText: null",23.0
221.131.157.86,/device/inform/data,"
 postRequestText: null",23.0
202.44.242.19,/device/inform/data,"
 postRequestText: null",23.0
223.85.226.172,/device/inform/data,"
 postRequestText: null",23.0
194.35.248.123,/device/inform/data,"
 postRequestText: null",23.0
223.106.224.134,/device/inform/data,"
 postRequestText: null",23.0
223.72.7.11,/device/inform/data,"
 postRequestText: null",23.0
221.182.97.58,/device/inform/data,"
 postRequestText: null",23.0
