saddr,saddr_raw,daddr,daddr_raw,ipid,ttl,classification,success,sport,dport,udp_pkt_size,data,icmp_responder,icmp_type,icmp_code,icmp_unreach_str,repeat,cooldown,timestamp_str,timestamp_ts,timestamp_us,uri,version,mtype,token-length,code,mid,token,options,observable
112.205.55.81,1362611568,192.168.0.123,2063640768,0,50,udp,1,5683,50806,145,"This is a test server made with libcoap (see http://libcoap.sf.net)
Copyright (C) 2010--2013 Olaf Bergmann <bergmann@tzi.org>

",,,,,0,1,2025-10-28T13:59:44.268+0100,1761656384,268420,/,3,274,1,2,0,2.05 Content,32112,,"{""CONTENT_FORMAT"": ""TEXT"", ""MAX_AGE"": ""196607""}"
124.107.252.222,3741084540,192.168.0.123,2063640768,0,53,udp,1,5683,50151,145,"This is a test server made with libcoap (see http://libcoap.sf.net)
Copyright (C) 2010--2013 Olaf Bergmann <bergmann@tzi.org>

",,,,,0,1,2025-10-28T13:59:44.268+0100,1761656384,268577,/,3,274,1,2,0,2.05 Content,32112,,"{""CONTENT_FORMAT"": ""TEXT"", ""MAX_AGE"": ""196607""}"
112.202.42.109,1831520880,192.168.0.123,2063640768,0,52,udp,1,5683,47400,145,"This is a test server made with libcoap (see http://libcoap.sf.net)
Copyright (C) 2010--2013 Olaf Bergmann <bergmann@tzi.org>

",,,,,0,1,2025-10-28T13:59:44.276+0100,1761656384,276812,/,3,274,1,2,0,2.05 Content,32112,,"{""CONTENT_FORMAT"": ""TEXT"", ""MAX_AGE"": ""196607""}"
112.209.163.113,1906561392,192.168.0.123,2063640768,0,52,udp,1,5683,53969,145,"This is a test server made with libcoap (see http://libcoap.sf.net)
Copyright (C) 2010--2013 Olaf Bergmann <bergmann@tzi.org>

",,,,,0,1,2025-10-28T13:59:44.279+0100,1761656384,279821,/,3,274,1,2,0,2.05 Content,32112,,"{""CONTENT_FORMAT"": ""TEXT"", ""MAX_AGE"": ""196607""}"
118.100.139.34,579560566,192.168.0.123,2063640768,20881,48,udp,1,5683,33383,145,"This is a test server made with libcoap (see http://libcoap.sf.net)
Copyright (C) 2010--2013 Olaf Bergmann <bergmann@tzi.org>

",,,,,0,1,2025-10-28T13:59:44.283+0100,1761656384,283067,/,3,274,1,2,0,2.05 Content,32112,,"{""CONTENT_FORMAT"": ""TEXT"", ""MAX_AGE"": ""196607""}"
112.205.133.185,3112553840,192.168.0.123,2063640768,0,52,udp,1,5683,43019,145,"This is a test server made with libcoap (see http://libcoap.sf.net)
Copyright (C) 2010--2013 Olaf Bergmann <bergmann@tzi.org>

",,,,,0,1,2025-10-28T13:59:44.289+0100,1761656384,289741,/,3,274,1,2,0,2.05 Content,32112,,"{""CONTENT_FORMAT"": ""TEXT"", ""MAX_AGE"": ""196607""}"
111.20.103.146,2456228975,192.168.0.123,2063640768,17229,41,udp,1,5683,51015,154,"This is a test server made with libcoap (see https://libcoap.net)
Copyright (C) 2010--2019 Olaf Bergmann <bergmann@tzi.org> and others

",,,,,0,1,2025-10-28T13:59:44.425+0100,1761656384,425880,/,3,292,1,2,0,2.05 Content,32112,,"{""CONTENT_FORMAT"": ""TEXT"", ""MAX_AGE"": ""196607""}"
120.196.80.116,1951450232,192.168.0.123,2063640768,33029,43,udp,1,5683,47631,154,"This is a test server made with libcoap (see https://libcoap.net)
Copyright (C) 2010--2019 Olaf Bergmann <bergmann@tzi.org> and others

",,,,,0,1,2025-10-28T13:59:44.446+0100,1761656384,446295,/,3,292,1,2,0,2.05 Content,32112,,"{""CONTENT_FORMAT"": ""TEXT"", ""MAX_AGE"": ""196607""}"
124.107.252.222,3741084540,192.168.0.123,2063640768,0,52,udp,1,5683,36028,31,Method Not Allowed,,,,,0,1,2025-10-28T14:00:12.411+0100,1761656412,411414,/qlink/searchfh,3,46,1,2,0,4.05 Method Not Allowed,32112,,
112.205.133.185,3112553840,192.168.0.123,2063640768,0,52,udp,1,5683,42925,31,Method Not Allowed,,,,,0,1,2025-10-28T14:00:12.415+0100,1761656412,415835,/qlink/searchfh,3,46,1,2,0,4.05 Method Not Allowed,32112,,
112.209.163.113,1906561392,192.168.0.123,2063640768,0,52,udp,1,5683,55977,31,Method Not Allowed,,,,,0,1,2025-10-28T14:00:12.429+0100,1761656412,429618,/qlink/searchfh,3,46,1,2,0,4.05 Method Not Allowed,32112,,
118.100.139.34,579560566,192.168.0.123,2063640768,22638,48,udp,1,5683,55330,31,Method Not Allowed,,,,,0,1,2025-10-28T14:00:12.429+0100,1761656412,429733,/qlink/searchfh,3,46,1,2,0,4.05 Method Not Allowed,32112,,
112.202.42.109,1831520880,192.168.0.123,2063640768,0,52,udp,1,5683,52136,31,Method Not Allowed,,,,,0,1,2025-10-28T14:00:12.438+0100,1761656412,438404,/qlink/searchfh,3,46,1,2,0,4.05 Method Not Allowed,32112,,
112.205.55.81,1362611568,192.168.0.123,2063640768,0,50,udp,1,5683,45100,31,Method Not Allowed,,,,,0,1,2025-10-28T14:00:12.479+0100,1761656412,479864,/qlink/searchfh,3,46,1,2,0,4.05 Method Not Allowed,32112,,
112.205.55.81,1362611568,192.168.0.123,2063640768,0,52,udp,1,5683,52611,31,Method Not Allowed,,,,,0,1,2025-10-28T14:00:40.528+0100,1761656440,528978,/qlink/searchgw,3,46,1,2,0,4.05 Method Not Allowed,32112,,
112.209.163.113,1906561392,192.168.0.123,2063640768,0,50,udp,1,5683,45457,31,Method Not Allowed,,,,,0,1,2025-10-28T14:00:40.538+0100,1761656440,538732,/qlink/searchgw,3,46,1,2,0,4.05 Method Not Allowed,32112,,
112.205.133.185,3112553840,192.168.0.123,2063640768,0,50,udp,1,5683,42225,31,Method Not Allowed,,,,,0,1,2025-10-28T14:00:40.543+0100,1761656440,543411,/qlink/searchgw,3,46,1,2,0,4.05 Method Not Allowed,32112,,
118.100.139.34,579560566,192.168.0.123,2063640768,23418,50,udp,1,5683,54185,31,Method Not Allowed,,,,,0,1,2025-10-28T14:00:40.547+0100,1761656440,547916,/qlink/searchgw,3,46,1,2,0,4.05 Method Not Allowed,32112,,
124.107.252.222,3741084540,192.168.0.123,2063640768,0,53,udp,1,5683,54595,31,Method Not Allowed,,,,,0,1,2025-10-28T14:00:40.551+0100,1761656440,551910,/qlink/searchgw,3,46,1,2,0,4.05 Method Not Allowed,32112,,
112.202.42.109,1831520880,192.168.0.123,2063640768,0,52,udp,1,5683,50019,31,Method Not Allowed,,,,,0,1,2025-10-28T14:00:40.562+0100,1761656440,562844,/qlink/searchgw,3,46,1,2,0,4.05 Method Not Allowed,32112,,
112.4.158.78,1318978672,192.168.0.123,2063640768,60159,43,udp,1,5683,52450,26,"{""result"":1}",,,,,0,1,2025-10-28T14:00:40.663+0100,1761656440,663731,/qlink/searchgw,3,36,1,2,0,2.05 Content,32112,,"{""CONTENT_FORMAT"": ""TEXT""}"
111.59.22.208,3491117935,192.168.0.123,2063640768,0,41,udp,1,5683,60131,26,"{""result"":1}",,,,,0,1,2025-10-28T14:00:40.675+0100,1761656440,675291,/qlink/searchgw,3,36,1,2,0,2.05 Content,32112,,"{""CONTENT_FORMAT"": ""TEXT""}"
124.107.252.222,3741084540,192.168.0.123,2063640768,0,53,udp,1,5683,55058,31,Method Not Allowed,,,,,0,1,2025-10-28T14:01:08.659+0100,1761656468,659209,/qlink/request,3,46,1,2,0,4.05 Method Not Allowed,32112,,
118.100.139.34,579560566,192.168.0.123,2063640768,23465,50,udp,1,5683,53849,31,Method Not Allowed,,,,,0,1,2025-10-28T14:01:08.678+0100,1761656468,678631,/qlink/request,3,46,1,2,0,4.05 Method Not Allowed,32112,,
112.205.133.185,3112553840,192.168.0.123,2063640768,0,52,udp,1,5683,35028,31,Method Not Allowed,,,,,0,1,2025-10-28T14:01:08.681+0100,1761656468,681546,/qlink/request,3,46,1,2,0,4.05 Method Not Allowed,32112,,
112.202.42.109,1831520880,192.168.0.123,2063640768,0,52,udp,1,5683,43124,31,Method Not Allowed,,,,,0,1,2025-10-28T14:01:08.693+0100,1761656468,693493,/qlink/request,3,46,1,2,0,4.05 Method Not Allowed,32112,,
112.209.163.113,1906561392,192.168.0.123,2063640768,0,52,udp,1,5683,50854,31,Method Not Allowed,,,,,0,1,2025-10-28T14:01:08.694+0100,1761656468,694903,/qlink/request,3,46,1,2,0,4.05 Method Not Allowed,32112,,
112.205.55.81,1362611568,192.168.0.123,2063640768,0,52,udp,1,5683,60319,31,Method Not Allowed,,,,,0,1,2025-10-28T14:01:08.700+0100,1761656468,700647,/qlink/request,3,46,1,2,0,4.05 Method Not Allowed,32112,,
112.4.158.78,1318978672,192.168.0.123,2063640768,60922,43,udp,1,5683,39344,256,"should post example,should post example should post exampleshould post exampleshould post exampleshould post examplepost exampleshould post exampleshould post example::{""deviceId"":""50294D0120011"",""deviceType"":""111"",""ipAddress"":""192.168.1.15""}",,,,,0,1,2025-10-28T14:01:08.705+0100,1761656468,705419,/qlink/request,3,496,1,2,0,2.05 Content,32112,,"{""CONTENT_FORMAT"": ""TEXT""}"
111.59.22.208,3491117935,192.168.0.123,2063640768,0,41,udp,1,5683,56233,256,"should post example,should post example should post exampleshould post exampleshould post exampleshould post examplepost exampleshould post exampleshould post example::{""deviceId"":""50294D0120011"",""deviceType"":""111"",""ipAddress"":""192.168.1.15""}",,,,,0,1,2025-10-28T14:01:08.776+0100,1761656468,776272,/qlink/request,3,496,1,2,0,2.05 Content,32112,,"{""CONTENT_FORMAT"": ""TEXT""}"
112.209.163.113,1906561392,192.168.0.123,2063640768,0,52,udp,1,5683,45278,31,Method Not Allowed,,,,,0,1,2025-10-28T14:01:36.787+0100,1761656496,787641,/qlink/success,3,46,1,2,0,4.05 Method Not Allowed,32112,,
112.205.133.185,3112553840,192.168.0.123,2063640768,0,52,udp,1,5683,59050,31,Method Not Allowed,,,,,0,1,2025-10-28T14:01:36.787+0100,1761656496,787753,/qlink/success,3,46,1,2,0,4.05 Method Not Allowed,32112,,
124.107.252.222,3741084540,192.168.0.123,2063640768,0,53,udp,1,5683,37577,31,Method Not Allowed,,,,,0,1,2025-10-28T14:01:36.790+0100,1761656496,790569,/qlink/success,3,46,1,2,0,4.05 Method Not Allowed,32112,,
118.100.139.34,579560566,192.168.0.123,2063640768,26070,50,udp,1,5683,54754,31,Method Not Allowed,,,,,0,1,2025-10-28T14:01:36.796+0100,1761656496,796556,/qlink/success,3,46,1,2,0,4.05 Method Not Allowed,32112,,
112.205.55.81,1362611568,192.168.0.123,2063640768,0,52,udp,1,5683,55342,31,Method Not Allowed,,,,,0,1,2025-10-28T14:01:36.797+0100,1761656496,797097,/qlink/success,3,46,1,2,0,4.05 Method Not Allowed,32112,,
112.202.42.109,1831520880,192.168.0.123,2063640768,0,52,udp,1,5683,49798,31,Method Not Allowed,,,,,0,1,2025-10-28T14:01:36.807+0100,1761656496,807195,/qlink/success,3,46,1,2,0,4.05 Method Not Allowed,32112,,
112.4.158.78,1318978672,192.168.0.123,2063640768,63721,43,udp,1,5683,37617,13,,,,,,0,1,2025-10-28T14:01:36.812+0100,1761656496,812696,/qlink/success,3,10,1,2,0,2.05 Content,32112,,"{""CONTENT_FORMAT"": ""TEXT""}"
111.59.22.208,3491117935,192.168.0.123,2063640768,0,41,udp,1,5683,42380,13,,,,,,0,1,2025-10-28T14:01:36.925+0100,1761656496,925050,/qlink/success,3,10,1,2,0,2.05 Content,32112,,"{""CONTENT_FORMAT"": ""TEXT""}"
112.209.163.113,1906561392,192.168.0.123,2063640768,0,50,udp,1,5683,43798,31,Method Not Allowed,,,,,0,1,2025-10-28T14:02:04.961+0100,1761656524,961246,/device/inform/bootstrap,3,46,1,2,0,4.05 Method Not Allowed,32112,,
112.202.42.109,1831520880,192.168.0.123,2063640768,0,52,udp,1,5683,58970,31,Method Not Allowed,,,,,0,1,2025-10-28T14:02:04.978+0100,1761656524,978774,/device/inform/bootstrap,3,46,1,2,0,4.05 Method Not Allowed,32112,,
124.107.252.222,3741084540,192.168.0.123,2063640768,0,53,udp,1,5683,41992,31,Method Not Allowed,,,,,0,1,2025-10-28T14:02:04.978+0100,1761656524,978901,/device/inform/bootstrap,3,46,1,2,0,4.05 Method Not Allowed,32112,,
118.100.139.34,579560566,192.168.0.123,2063640768,26939,50,udp,1,5683,53541,31,Method Not Allowed,,,,,0,1,2025-10-28T14:02:04.994+0100,1761656524,994086,/device/inform/bootstrap,3,46,1,2,0,4.05 Method Not Allowed,32112,,
112.205.133.185,3112553840,192.168.0.123,2063640768,0,52,udp,1,5683,48423,31,Method Not Allowed,,,,,0,1,2025-10-28T14:02:04.994+0100,1761656524,994239,/device/inform/bootstrap,3,46,1,2,0,4.05 Method Not Allowed,32112,,
112.205.55.81,1362611568,192.168.0.123,2063640768,0,52,udp,1,5683,49877,31,Method Not Allowed,,,,,0,1,2025-10-28T14:02:05.000+0100,1761656525,355,/device/inform/bootstrap,3,46,1,2,0,4.05 Method Not Allowed,32112,,
112.4.158.78,1318978672,192.168.0.123,2063640768,63848,43,udp,1,5683,34352,206,"should post example:{""deviceMac"":""50294D0120011"",""productToken"":""*****"",""deviceType"":""30102"",""ipAddress"":""192.168.1.15"",""firmwareVersion"":""f1.0"",""softwareVersion"":""s1.0"",""timestamp"":734354788}",,,,,0,1,2025-10-28T14:02:05.037+0100,1761656525,37977,/device/inform/bootstrap,3,396,1,2,0,2.05 Content,32112,,"{""CONTENT_FORMAT"": ""TEXT""}"
111.59.22.208,3491117935,192.168.0.123,2063640768,0,41,udp,1,5683,60517,206,"should post example:{""deviceMac"":""50294D0120011"",""productToken"":""*****"",""deviceType"":""30102"",""ipAddress"":""192.168.1.15"",""firmwareVersion"":""f1.0"",""softwareVersion"":""s1.0"",""timestamp"":734354788}",,,,,0,1,2025-10-28T14:02:05.107+0100,1761656525,107386,/device/inform/bootstrap,3,396,1,2,0,2.05 Content,32112,,"{""CONTENT_FORMAT"": ""TEXT""}"
124.107.252.222,3741084540,192.168.0.123,2063640768,0,53,udp,1,5683,50217,31,Method Not Allowed,,,,,0,1,2025-10-28T14:02:33.064+0100,1761656553,64484,/device/inform/boot,3,46,1,2,0,4.05 Method Not Allowed,32112,,
112.205.55.81,1362611568,192.168.0.123,2063640768,0,52,udp,1,5683,50252,31,Method Not Allowed,,,,,0,1,2025-10-28T14:02:33.065+0100,1761656553,65000,/device/inform/boot,3,46,1,2,0,4.05 Method Not Allowed,32112,,
112.209.163.113,1906561392,192.168.0.123,2063640768,0,50,udp,1,5683,32823,31,Method Not Allowed,,,,,0,1,2025-10-28T14:02:33.075+0100,1761656553,75824,/device/inform/boot,3,46,1,2,0,4.05 Method Not Allowed,32112,,
112.205.133.185,3112553840,192.168.0.123,2063640768,0,52,udp,1,5683,34965,31,Method Not Allowed,,,,,0,1,2025-10-28T14:02:33.076+0100,1761656553,76002,/device/inform/boot,3,46,1,2,0,4.05 Method Not Allowed,32112,,
118.100.139.34,579560566,192.168.0.123,2063640768,28721,50,udp,1,5683,48499,31,Method Not Allowed,,,,,0,1,2025-10-28T14:02:33.079+0100,1761656553,79975,/device/inform/boot,3,46,1,2,0,4.05 Method Not Allowed,32112,,
112.4.158.78,1318978672,192.168.0.123,2063640768,64149,43,udp,1,5683,41028,208,"should post example:{""deviceId"":""50292222111"",""deviceMac"":""50294D0120011"",""deviceType"":""30102"",""ipAddress"":""192.168.1.15"",""firmwareVersion"":""f1.0"",""softwareVersion"":""s1.0"",""timestamp"":734354788}",,,,,0,1,2025-10-28T14:02:33.131+0100,1761656553,131680,/device/inform/boot,3,400,1,2,0,2.05 Content,32112,,"{""CONTENT_FORMAT"": ""TEXT""}"
112.202.42.109,1831520880,192.168.0.123,2063640768,0,52,udp,1,5683,46871,31,Method Not Allowed,,,,,0,1,2025-10-28T14:02:33.175+0100,1761656553,175442,/device/inform/boot,3,46,1,2,0,4.05 Method Not Allowed,32112,,
111.59.22.208,3491117935,192.168.0.123,2063640768,0,41,udp,1,5683,48499,208,"should post example:{""deviceId"":""50292222111"",""deviceMac"":""50294D0120011"",""deviceType"":""30102"",""ipAddress"":""192.168.1.15"",""firmwareVersion"":""f1.0"",""softwareVersion"":""s1.0"",""timestamp"":734354788}",,,,,0,1,2025-10-28T14:02:33.193+0100,1761656553,193344,/device/inform/boot,3,400,1,2,0,2.05 Content,32112,,"{""CONTENT_FORMAT"": ""TEXT""}"
124.107.252.222,3741084540,192.168.0.123,2063640768,0,52,udp,1,5683,46303,31,Method Not Allowed,,,,,0,1,2025-10-28T14:03:01.200+0100,1761656581,200910,/device/inform/syncreq,3,46,1,2,0,4.05 Method Not Allowed,32112,,
118.100.139.34,579560566,192.168.0.123,2063640768,31083,50,udp,1,5683,34080,31,Method Not Allowed,,,,,0,1,2025-10-28T14:03:01.207+0100,1761656581,207659,/device/inform/syncreq,3,46,1,2,0,4.05 Method Not Allowed,32112,,
112.205.55.81,1362611568,192.168.0.123,2063640768,0,52,udp,1,5683,53874,31,Method Not Allowed,,,,,0,1,2025-10-28T14:03:01.210+0100,1761656581,210283,/device/inform/syncreq,3,46,1,2,0,4.05 Method Not Allowed,32112,,
112.205.133.185,3112553840,192.168.0.123,2063640768,0,50,udp,1,5683,34108,31,Method Not Allowed,,,,,0,1,2025-10-28T14:03:01.211+0100,1761656581,211075,/device/inform/syncreq,3,46,1,2,0,4.05 Method Not Allowed,32112,,
112.209.163.113,1906561392,192.168.0.123,2063640768,0,52,udp,1,5683,37238,31,Method Not Allowed,,,,,0,1,2025-10-28T14:03:01.213+0100,1761656581,213393,/device/inform/syncreq,3,46,1,2,0,4.05 Method Not Allowed,32112,,
112.202.42.109,1831520880,192.168.0.123,2063640768,0,52,udp,1,5683,33228,31,Method Not Allowed,,,,,0,1,2025-10-28T14:03:01.221+0100,1761656581,221903,/device/inform/syncreq,3,46,1,2,0,4.05 Method Not Allowed,32112,,
124.107.252.222,3741084540,192.168.0.123,2063640768,0,53,udp,1,5683,40738,31,Method Not Allowed,,,,,0,1,2025-10-28T14:03:29.344+0100,1761656609,344860,/device/inform/offline,3,46,1,2,0,4.05 Method Not Allowed,32112,,
112.205.55.81,1362611568,192.168.0.123,2063640768,0,52,udp,1,5683,37106,31,Method Not Allowed,,,,,0,1,2025-10-28T14:03:29.358+0100,1761656609,358117,/device/inform/offline,3,46,1,2,0,4.05 Method Not Allowed,32112,,
112.205.133.185,3112553840,192.168.0.123,2063640768,0,52,udp,1,5683,47199,31,Method Not Allowed,,,,,0,1,2025-10-28T14:03:29.358+0100,1761656609,358173,/device/inform/offline,3,46,1,2,0,4.05 Method Not Allowed,32112,,
118.100.139.34,579560566,192.168.0.123,2063640768,32371,48,udp,1,5683,54001,31,Method Not Allowed,,,,,0,1,2025-10-28T14:03:29.361+0100,1761656609,361287,/device/inform/offline,3,46,1,2,0,4.05 Method Not Allowed,32112,,
112.209.163.113,1906561392,192.168.0.123,2063640768,0,52,udp,1,5683,51209,31,Method Not Allowed,,,,,0,1,2025-10-28T14:03:29.370+0100,1761656609,370192,/device/inform/offline,3,46,1,2,0,4.05 Method Not Allowed,32112,,
112.4.158.78,1318978672,192.168.0.123,2063640768,1137,43,udp,1,5683,57951,28,"{""respCode"":1}",,,,,0,1,2025-10-28T14:03:29.389+0100,1761656609,389568,/device/inform/offline,3,40,1,2,0,2.05 Content,32112,,"{""CONTENT_FORMAT"": ""TEXT""}"
112.202.42.109,1831520880,192.168.0.123,2063640768,0,52,udp,1,5683,40877,31,Method Not Allowed,,,,,0,1,2025-10-28T14:03:29.399+0100,1761656609,399892,/device/inform/offline,3,46,1,2,0,4.05 Method Not Allowed,32112,,
111.59.22.208,3491117935,192.168.0.123,2063640768,0,41,udp,1,5683,51597,28,"{""respCode"":1}",,,,,0,1,2025-10-28T14:03:29.472+0100,1761656609,472941,/device/inform/offline,3,40,1,2,0,2.05 Content,32112,,"{""CONTENT_FORMAT"": ""TEXT""}"
124.107.252.222,3741084540,192.168.0.123,2063640768,0,53,udp,1,5683,58954,31,Method Not Allowed,,,,,0,1,2025-10-28T14:03:57.477+0100,1761656637,477533,/device/inform/heartbeat,3,46,1,2,0,4.05 Method Not Allowed,32112,,
112.209.163.113,1906561392,192.168.0.123,2063640768,0,52,udp,1,5683,45681,31,Method Not Allowed,,,,,0,1,2025-10-28T14:03:57.490+0100,1761656637,490977,/device/inform/heartbeat,3,46,1,2,0,4.05 Method Not Allowed,32112,,
112.205.133.185,3112553840,192.168.0.123,2063640768,0,52,udp,1,5683,60562,31,Method Not Allowed,,,,,0,1,2025-10-28T14:03:57.492+0100,1761656637,492431,/device/inform/heartbeat,3,46,1,2,0,4.05 Method Not Allowed,32112,,
112.205.55.81,1362611568,192.168.0.123,2063640768,0,52,udp,1,5683,51782,31,Method Not Allowed,,,,,0,1,2025-10-28T14:03:57.492+0100,1761656637,492556,/device/inform/heartbeat,3,46,1,2,0,4.05 Method Not Allowed,32112,,
118.100.139.34,579560566,192.168.0.123,2063640768,34631,48,udp,1,5683,50567,31,Method Not Allowed,,,,,0,1,2025-10-28T14:03:57.503+0100,1761656637,503657,/device/inform/heartbeat,3,46,1,2,0,4.05 Method Not Allowed,32112,,
112.202.42.109,1831520880,192.168.0.123,2063640768,0,52,udp,1,5683,48494,31,Method Not Allowed,,,,,0,1,2025-10-28T14:03:57.506+0100,1761656637,506455,/device/inform/heartbeat,3,46,1,2,0,4.05 Method Not Allowed,32112,,
112.4.158.78,1318978672,192.168.0.123,2063640768,1392,43,udp,1,5683,36053,28,"{""respCode"":1}",,,,,0,1,2025-10-28T14:03:57.563+0100,1761656637,563788,/device/inform/heartbeat,3,40,1,2,0,2.05 Content,32112,,"{""CONTENT_FORMAT"": ""TEXT""}"
111.59.22.208,3491117935,192.168.0.123,2063640768,0,41,udp,1,5683,41441,28,"{""respCode"":1}",,,,,0,1,2025-10-28T14:03:57.603+0100,1761656637,603158,/device/inform/heartbeat,3,40,1,2,0,2.05 Content,32112,,"{""CONTENT_FORMAT"": ""TEXT""}"
124.107.252.222,3741084540,192.168.0.123,2063640768,0,52,udp,1,5683,33558,31,Method Not Allowed,,,,,0,1,2025-10-28T14:04:25.621+0100,1761656665,621067,/device/inform/data,3,46,1,2,0,4.05 Method Not Allowed,32112,,
112.209.163.113,1906561392,192.168.0.123,2063640768,0,50,udp,1,5683,40531,31,Method Not Allowed,,,,,0,1,2025-10-28T14:04:25.626+0100,1761656665,626065,/device/inform/data,3,46,1,2,0,4.05 Method Not Allowed,32112,,
112.202.42.109,1831520880,192.168.0.123,2063640768,0,52,udp,1,5683,44798,31,Method Not Allowed,,,,,0,1,2025-10-28T14:04:25.626+0100,1761656665,626147,/device/inform/data,3,46,1,2,0,4.05 Method Not Allowed,32112,,
118.100.139.34,579560566,192.168.0.123,2063640768,35094,50,udp,1,5683,46881,31,Method Not Allowed,,,,,0,1,2025-10-28T14:04:25.629+0100,1761656665,629811,/device/inform/data,3,46,1,2,0,4.05 Method Not Allowed,32112,,
112.205.133.185,3112553840,192.168.0.123,2063640768,0,52,udp,1,5683,35965,31,Method Not Allowed,,,,,0,1,2025-10-28T14:04:25.637+0100,1761656665,637087,/device/inform/data,3,46,1,2,0,4.05 Method Not Allowed,32112,,
112.205.55.81,1362611568,192.168.0.123,2063640768,0,52,udp,1,5683,53333,31,Method Not Allowed,,,,,0,1,2025-10-28T14:04:25.638+0100,1761656665,638284,/device/inform/data,3,46,1,2,0,4.05 Method Not Allowed,32112,,
120.196.80.116,1951450232,192.168.0.123,2063640768,53500,43,udp,1,5683,56139,31,Method Not Allowed,,,,,0,1,2025-10-28T14:04:25.751+0100,1761656665,751440,/device/inform/data,3,46,1,2,0,4.05 Method Not Allowed,32112,,
111.59.22.208,3491117935,192.168.0.123,2063640768,0,41,udp,1,5683,51474,38,"
 postRequestText: null",,,,,0,1,2025-10-28T14:04:25.773+0100,1761656665,773360,/device/inform/data,1,60,1,2,0,2.05 Content,32112,,"{""OBSERVE"": ""0"", ""CONTENT_FORMAT"": ""TEXT""}"
111.20.103.146,2456228975,192.168.0.123,2063640768,22036,41,udp,1,5683,43999,31,Method Not Allowed,,,,,0,1,2025-10-28T14:04:25.787+0100,1761656665,787727,/device/inform/data,3,46,1,2,0,4.05 Method Not Allowed,32112,,
112.4.158.78,1318978672,192.168.0.123,2063640768,3529,43,udp,1,5683,59171,38,"
 postRequestText: null",,,,,0,1,2025-10-28T14:04:26.465+0100,1761656666,465328,/device/inform/data,1,60,1,2,0,2.05 Content,32112,,"{""OBSERVE"": ""0"", ""CONTENT_FORMAT"": ""TEXT""}"
124.107.252.222,3741084540,192.168.0.123,2063640768,0,52,udp,1,5683,57371,12,,,,,,0,1,2025-10-28T14:04:53.773+0100,1761656693,773224,/async,3,8,1,2,0,5.03 Service Unavailable,32112,,
112.202.42.109,1831520880,192.168.0.123,2063640768,0,52,udp,1,5683,34235,12,,,,,,0,1,2025-10-28T14:04:53.783+0100,1761656693,783637,/async,3,8,1,2,0,EMPTY,32112,,
118.100.139.34,579560566,192.168.0.123,2063640768,36258,50,udp,1,5683,37431,12,,,,,,0,1,2025-10-28T14:04:53.786+0100,1761656693,786697,/async,3,8,1,2,0,5.03 Service Unavailable,32112,,
112.209.163.113,1906561392,192.168.0.123,2063640768,0,50,udp,1,5683,46320,12,,,,,,0,1,2025-10-28T14:04:53.788+0100,1761656693,788640,/async,3,8,1,2,0,EMPTY,32112,,
112.205.133.185,3112553840,192.168.0.123,2063640768,0,52,udp,1,5683,42617,12,,,,,,0,1,2025-10-28T14:04:53.794+0100,1761656693,794195,/async,3,8,1,2,0,5.03 Service Unavailable,32112,,
112.205.55.81,1362611568,192.168.0.123,2063640768,0,52,udp,1,5683,38780,12,,,,,,0,1,2025-10-28T14:04:53.809+0100,1761656693,809403,/async,3,8,1,2,0,EMPTY,32112,,
112.4.158.78,1318978672,192.168.0.123,2063640768,7202,43,udp,1,5683,49369,12,,,,,,0,1,2025-10-28T14:05:22.139+0100,1761656722,139083,/qlink,3,8,1,2,0,4.05 Method Not Allowed,32112,,
111.59.22.208,3491117935,192.168.0.123,2063640768,0,41,udp,1,5683,58753,12,,,,,,0,1,2025-10-28T14:05:22.139+0100,1761656722,139260,/qlink,3,8,1,2,0,4.05 Method Not Allowed,32112,,
111.59.22.208,3491117935,192.168.0.123,2063640768,0,41,udp,1,5683,39494,12,,,,,,0,1,2025-10-28T14:05:50.776+0100,1761656750,776772,/qlink/ack,3,8,1,3,0,EMPTY,32112,,
112.4.158.78,1318978672,192.168.0.123,2063640768,7505,43,udp,1,5683,33883,12,,,,,,0,1,2025-10-28T14:05:50.777+0100,1761656750,777781,/qlink/ack,3,8,1,3,0,EMPTY,32112,,
112.4.158.78,1318978672,192.168.0.123,2063640768,9953,43,udp,1,5683,51886,233,"{""gatewayMac"":""3CECDE542C28"",""firmwareVersion"":""Star-Net;H60G"",""type"":0,""gatewayManufacturer"":""Star-Net"",""softwareVersion"":""V1.0.1;1.0;2.5.1-200908"",""gatewaySn"":""STAR07542C28"",""andlinkVersion"":""2.5"",""provinceAbb"":""JSU""}",,,,,0,1,2025-10-28T14:06:18.571+0100,1761656778,571368,/qlink/queryGwExt,3,450,1,2,0,2.05 Content,32112,,"{""CONTENT_FORMAT"": ""TEXT""}"
111.59.22.208,3491117935,192.168.0.123,2063640768,0,41,udp,1,5683,44646,240,"{""gatewayMac"":""A84122CDD540"",""firmwareVersion"":""CMHI;GS3101"",""type"":1,""gatewayManufacturer"":""CMHI"",""softwareVersion"":""V1B0.C02.01;felix 5.0;2.6.1-230712"",""gatewaySn"":""CMHI251C6D13"",""andlinkVersion"":""2.6.0"",""provinceAbb"":""GXI""}",,,,,0,1,2025-10-28T14:06:18.863+0100,1761656778,863888,/qlink/queryGwExt,3,464,1,2,0,2.05 Content,32112,,"{""CONTENT_FORMAT"": ""TEXT""}"
111.59.22.208,3491117935,192.168.0.123,2063640768,0,41,udp,1,5683,49673,12,,,,,,0,1,2025-10-28T14:06:46.405+0100,1761656806,405666,/qlink/wlantest,3,8,1,3,0,EMPTY,32112,,
112.4.158.78,1318978672,192.168.0.123,2063640768,10143,43,udp,1,5683,48235,12,,,,,,0,1,2025-10-28T14:07:14.577+0100,1761656834,577420,/gw,3,8,1,2,0,4.05 Method Not Allowed,32112,,
111.59.22.208,3491117935,192.168.0.123,2063640768,0,41,udp,1,5683,55870,12,,,,,,0,1,2025-10-28T14:07:14.577+0100,1761656834,577636,/gw,3,8,1,2,0,4.05 Method Not Allowed,32112,,
112.4.158.78,1318978672,192.168.0.123,2063640768,10808,43,udp,1,5683,53750,12,,,,,,0,1,2025-10-28T14:07:42.560+0100,1761656862,560166,/gw/query,3,8,1,2,0,4.05 Method Not Allowed,32112,,
111.59.22.208,3491117935,192.168.0.123,2063640768,0,41,udp,1,5683,35369,12,,,,,,0,1,2025-10-28T14:07:42.644+0100,1761656862,644639,/gw/query,3,8,1,2,0,4.05 Method Not Allowed,32112,,
112.4.158.78,1318978672,192.168.0.123,2063640768,13202,43,udp,1,5683,55949,12,,,,,,0,1,2025-10-28T14:08:10.733+0100,1761656890,733750,/gw/query/DiagnotorConnection,3,8,1,3,0,EMPTY,32112,,
111.59.22.208,3491117935,192.168.0.123,2063640768,0,41,udp,1,5683,32968,61,Message contains illegal option delta/length: 15,,,,,0,1,2025-10-28T14:08:10.766+0100,1761656890,766759,/gw/query/DiagnotorConnection,3,106,1,2,0,4.02 Bad Option,32112,,
111.59.22.208,3491117935,192.168.0.123,2063640768,0,41,udp,1,5683,36742,30,"{""APDevices"":[]}",,,,,0,1,2025-10-28T14:08:38.857+0100,1761656918,857857,/gw/query/apdevices,3,44,1,2,0,2.05 Content,32112,,"{""CONTENT_FORMAT"": ""TEXT""}"
112.4.158.78,1318978672,192.168.0.123,2063640768,15211,43,udp,1,5683,53596,30,"{""APDevices"":[]}",,,,,0,1,2025-10-28T14:08:38.869+0100,1761656918,869453,/gw/query/apdevices,3,44,1,2,0,2.05 Content,32112,,"{""CONTENT_FORMAT"": ""TEXT""}"
112.4.158.78,1318978672,192.168.0.123,2063640768,16519,43,udp,1,5683,45273,26,"""respCode"":1",,,,,0,1,2025-10-28T14:09:06.905+0100,1761656946,905998,/gw/query/config,3,36,1,2,0,2.05 Content,32112,,"{""CONTENT_FORMAT"": ""TEXT""}"
111.59.22.208,3491117935,192.168.0.123,2063640768,0,41,udp,1,5683,42680,26,"""respCode"":1",,,,,0,1,2025-10-28T14:09:06.963+0100,1761656946,963397,/gw/query/config,3,36,1,2,0,2.05 Content,32112,,"{""CONTENT_FORMAT"": ""TEXT""}"
112.4.158.78,1318978672,192.168.0.123,2063640768,17193,43,udp,1,5683,48752,12,,,,,,0,1,2025-10-28T14:09:35.177+0100,1761656975,177301,/basic,3,8,1,2,0,4.05 Method Not Allowed,32112,,
111.59.22.208,3491117935,192.168.0.123,2063640768,0,41,udp,1,5683,40911,12,,,,,,0,1,2025-10-28T14:09:35.177+0100,1761656975,177523,/basic,3,8,1,2,0,4.05 Method Not Allowed,32112,,
112.4.158.78,1318978672,192.168.0.123,2063640768,17584,43,udp,1,5683,50830,94,"should post example:{""ClientId"":""1391234567"",""ClientType"":0,""password"":""123456""}",,,,,0,1,2025-10-28T14:10:03.266+0100,1761657003,266547,/basic/regist,3,172,1,2,0,2.05 Content,32112,,"{""CONTENT_FORMAT"": ""TEXT""}"
111.59.22.208,3491117935,192.168.0.123,2063640768,0,41,udp,1,5683,33691,94,"should post example:{""ClientId"":""1391234567"",""ClientType"":0,""password"":""123456""}",,,,,0,1,2025-10-28T14:10:03.302+0100,1761657003,302490,/basic/regist,3,172,1,2,0,2.05 Content,32112,,"{""CONTENT_FORMAT"": ""TEXT""}"
112.4.158.78,1318978672,192.168.0.123,2063640768,19154,43,udp,1,5683,53227,68,"userIp:null
SUCCESS_RESP:
userDevices:
toLinkDevices:
",,,,,0,1,2025-10-28T14:10:31.343+0100,1761657031,343743,/basic/show,3,120,1,2,0,2.05 Content,32112,,"{""CONTENT_FORMAT"": ""TEXT""}"
111.59.22.208,3491117935,192.168.0.123,2063640768,0,41,udp,1,5683,52141,68,"userIp:null
SUCCESS_RESP:
userDevices:
toLinkDevices:
",,,,,0,1,2025-10-28T14:10:31.410+0100,1761657031,410506,/basic/show,3,120,1,2,0,2.05 Content,32112,,"{""CONTENT_FORMAT"": ""TEXT""}"
112.4.158.78,1318978672,192.168.0.123,2063640768,20355,43,udp,1,5683,57256,12,,,,,,0,1,2025-10-28T14:10:58.458+0100,1761657058,458475,/device,3,8,1,2,0,4.05 Method Not Allowed,32112,,
111.59.22.208,3491117935,192.168.0.123,2063640768,0,41,udp,1,5683,43387,12,,,,,,0,1,2025-10-28T14:10:58.532+0100,1761657058,532342,/device,3,8,1,2,0,4.05 Method Not Allowed,32112,,
112.4.158.78,1318978672,192.168.0.123,2063640768,22497,43,udp,1,5683,52208,12,,,,,,0,1,2025-10-28T14:11:26.659+0100,1761657086,659095,/device/command,3,8,1,2,0,4.05 Method Not Allowed,32112,,
111.59.22.208,3491117935,192.168.0.123,2063640768,0,41,udp,1,5683,45415,12,,,,,,0,1,2025-10-28T14:11:26.660+0100,1761657086,660571,/device/command,3,8,1,2,0,4.05 Method Not Allowed,32112,,
112.4.158.78,1318978672,192.168.0.123,2063640768,24599,43,udp,1,5683,43955,28,"{""respCode"":1}",,,,,0,1,2025-10-28T14:11:54.771+0100,1761657114,771473,/device/command/Intranet,3,40,1,2,0,2.05 Content,32112,,"{""CONTENT_FORMAT"": ""TEXT""}"
112.4.158.78,1318978672,192.168.0.123,2063640768,25107,43,udp,1,5683,33381,28,"{""respCode"":1}",,,,,0,1,2025-10-28T14:12:22.805+0100,1761657142,805525,/device/command/control,3,40,1,2,0,2.05 Content,32112,,"{""CONTENT_FORMAT"": ""TEXT""}"
111.59.22.208,3491117935,192.168.0.123,2063640768,0,41,udp,1,5683,32780,28,"{""respCode"":1}",,,,,0,1,2025-10-28T14:12:22.909+0100,1761657142,909806,/device/command/control,3,40,1,2,0,2.05 Content,32112,,"{""CONTENT_FORMAT"": ""TEXT""}"
112.4.158.78,1318978672,192.168.0.123,2063640768,25257,43,udp,1,5683,40372,16,[],,,,,0,1,2025-10-28T14:12:50.981+0100,1761657170,981232,/device/command/data,3,16,1,2,0,2.05 Content,32112,,"{""CONTENT_FORMAT"": ""TEXT""}"
111.59.22.208,3491117935,192.168.0.123,2063640768,0,41,udp,1,5683,57519,16,[],,,,,0,1,2025-10-28T14:12:51.023+0100,1761657171,23853,/device/command/data,3,16,1,2,0,2.05 Content,32112,,"{""CONTENT_FORMAT"": ""TEXT""}"
112.4.158.78,1318978672,192.168.0.123,2063640768,26227,43,udp,1,5683,47256,12,,,,,,0,1,2025-10-28T14:13:18.126+0100,1761657198,126077,/device/inform,3,8,1,2,0,4.05 Method Not Allowed,32112,,
111.59.22.208,3491117935,192.168.0.123,2063640768,0,41,udp,1,5683,39437,12,,,,,,0,1,2025-10-28T14:13:18.159+0100,1761657198,159769,/device/inform,3,8,1,2,0,4.05 Method Not Allowed,32112,,
112.4.158.78,1318978672,192.168.0.123,2063640768,26640,43,udp,1,5683,47485,532,"</qlink>,</qlink/ack>;title=""Qlink-ACK Resource"",</qlink/queryGwExt>;title=""queryGwExt Resource"",</qlink/request>;title=""Qlink-Request Resource"",</qlink/searchgw>;title=""SearchGW Resource"",</qlink/success>;title=""Qlink-Success Resource"",</qlink/wlantest>;title=""Qlink-WLAN Resource"",</gw>,</gw/query>,</gw/query/DiagnotorConnection>;title=""Connect To Diagnotor"",</gw/query/apdevices>;title=""apdevices Data Resource"",</gw/query/config>;title=""config-properties Resource"",</basic>,</basic/regist>;title=""Qlink-Regist Resource"",</basic/show>;title=""Qlink-SHOW Resource"",</device>,</device/command>,</device/command/Intranet>;title=""Device Intranet Resource"",</device/command/control>;title=""Device Control Resource"",</device/command/data>;title=""Control Data Resource"",</device/inform>,</device/inform/boot>;title=""Boot-Request Resource"",</device/inform/bootstrap>;title=""bootstrap-Request Resource"",</device/inform/data>;obs;title=""Inform Data Resource"",</device/inform/heartbeat>;title=""HeartBeat Resource"",</device/inform/offline>;title=""ChildDevice Offline Resource"",</.well-known/core>",,,,,0,1,2025-10-28T14:13:46.222+0100,1761657226,222046,/.well-known/core,3,1048,1,2,2,2.05 Content,25077,fae9,"{""CONTENT_FORMAT"": ""LINKFORMAT"", ""SIZE2"": ""BlockwiseTuple(block_number=2, more=False, size_exponent=5)"", ""BLOCK2"": ""1087""}"
111.59.22.208,3491117935,192.168.0.123,2063640768,0,41,udp,1,5683,35857,532,"</qlink>,</qlink/ack>;title=""Qlink-ACK Resource"",</qlink/queryGwExt>;title=""queryGwExt Resource"",</qlink/request>;title=""Qlink-Request Resource"",</qlink/searchgw>;title=""SearchGW Resource"",</qlink/success>;title=""Qlink-Success Resource"",</qlink/wlantest>;title=""Qlink-WLAN Resource"",</gw>,</gw/query>,</gw/query/DiagnotorConnection>;title=""Connect To Diagnotor"",</gw/query/apdevices>;title=""apdevices Data Resource"",</gw/query/config>;title=""config-properties Resource"",</basic>,</basic/regist>;title=""Qlink-Regist Resource"",</basic/show>;title=""Qlink-SHOW Resource"",</device>,</device/command>,</device/command/control>;title=""Device Control Resource"",</device/command/data>;title=""Control Data Resource"",</device/inform>,</device/inform/boot>;title=""Boot-Request Resource"",</device/inform/bootstrap>;title=""bootstrap-Request Resource"",</device/inform/data>;obs;title=""Inform Data Resource"",</device/inform/heartbeat>;title=""HeartBeat Resource"",</device/inform/offline>;title=""ChildDevice Offline Resource"",</device/inform/requestSync>;title=""AP device request synchronization"",</.well-known/core>",,,,,0,1,2025-10-28T14:13:46.340+0100,1761657226,340668,/.well-known/core,3,1048,1,2,2,2.05 Content,12001,0943,"{""CONTENT_FORMAT"": ""LINKFORMAT"", ""SIZE2"": ""BlockwiseTuple(block_number=2, more=False, size_exponent=5)"", ""BLOCK2"": ""1098""}"
120.196.80.116,1951450232,192.168.0.123,2063640768,3920,43,udp,1,5683,39065,31,Method Not Allowed,,,,,0,1,2025-10-28T14:14:21.255+0100,1761657261,255973,/qlink/searchdevice,3,46,1,2,0,4.05 Method Not Allowed,32112,,
111.20.103.146,2456228975,192.168.0.123,2063640768,11351,41,udp,1,5683,43173,31,Method Not Allowed,,,,,0,1,2025-10-28T14:14:21.257+0100,1761657261,257080,/qlink/searchdevice,3,46,1,2,0,4.05 Method Not Allowed,32112,,
120.196.80.116,1951450232,192.168.0.123,2063640768,6201,43,udp,1,5683,51575,31,Method Not Allowed,,,,,0,1,2025-10-28T14:14:49.155+0100,1761657289,155166,/qlink/netinfo,3,46,1,2,0,4.05 Method Not Allowed,32112,,
111.20.103.146,2456228975,192.168.0.123,2063640768,13777,41,udp,1,5683,43266,31,Method Not Allowed,,,,,0,1,2025-10-28T14:14:49.160+0100,1761657289,160999,/qlink/netinfo,3,46,1,2,0,4.05 Method Not Allowed,32112,,
111.20.103.146,2456228975,192.168.0.123,2063640768,16007,41,udp,1,5683,50187,31,Method Not Allowed,,,,,0,1,2025-10-28T14:15:17.305+0100,1761657317,305354,/qlink/searchack,3,46,1,2,0,4.05 Method Not Allowed,32112,,
120.196.80.116,1951450232,192.168.0.123,2063640768,6705,43,udp,1,5683,40228,31,Method Not Allowed,,,,,0,1,2025-10-28T14:15:17.305+0100,1761657317,305508,/qlink/searchack,3,46,1,2,0,4.05 Method Not Allowed,32112,,
111.20.103.146,2456228975,192.168.0.123,2063640768,16726,41,udp,1,5683,37061,31,Method Not Allowed,,,,,0,1,2025-10-28T14:15:45.568+0100,1761657345,568627,/device/command/unbind,3,46,1,2,0,4.05 Method Not Allowed,32112,,
120.196.80.116,1951450232,192.168.0.123,2063640768,8900,43,udp,1,5683,33946,31,Method Not Allowed,,,,,0,1,2025-10-28T14:15:45.568+0100,1761657345,568837,/device/command/unbind,3,46,1,2,0,4.05 Method Not Allowed,32112,,
120.196.80.116,1951450232,192.168.0.123,2063640768,10630,43,udp,1,5683,39152,31,Method Not Allowed,,,,,0,1,2025-10-28T14:16:13.493+0100,1761657373,493405,/device/command/file,3,46,1,2,0,4.05 Method Not Allowed,32112,,
111.20.103.146,2456228975,192.168.0.123,2063640768,19116,41,udp,1,5683,35055,31,Method Not Allowed,,,,,0,1,2025-10-28T14:16:13.528+0100,1761657373,528842,/device/command/file,3,46,1,2,0,4.05 Method Not Allowed,32112,,
120.196.80.116,1951450232,192.168.0.123,2063640768,12182,43,udp,1,5683,54890,31,Method Not Allowed,,,,,0,1,2025-10-28T14:16:41.610+0100,1761657401,610001,/device/command/log,3,46,1,2,0,4.05 Method Not Allowed,32112,,
111.20.103.146,2456228975,192.168.0.123,2063640768,20491,41,udp,1,5683,50673,31,Method Not Allowed,,,,,0,1,2025-10-28T14:16:41.653+0100,1761657401,653573,/device/command/log,3,46,1,2,0,4.05 Method Not Allowed,32112,,
111.20.103.146,2456228975,192.168.0.123,2063640768,22110,41,udp,1,5683,55603,31,Method Not Allowed,,,,,0,1,2025-10-28T14:17:09.779+0100,1761657429,779743,/device/command/selfdetect,3,46,1,2,0,4.05 Method Not Allowed,32112,,
120.196.80.116,1951450232,192.168.0.123,2063640768,13671,43,udp,1,5683,45858,31,Method Not Allowed,,,,,0,1,2025-10-28T14:17:09.797+0100,1761657429,797218,/device/command/selfdetect,3,46,1,2,0,4.05 Method Not Allowed,32112,,
111.20.103.146,2456228975,192.168.0.123,2063640768,26377,41,udp,1,5683,35559,22,Not Found,,,,,0,1,2025-10-28T14:18:34.086+0100,1761657514,86895,/qlink/guide?true,3,28,1,2,0,4.04 Not Found,32112,,
120.196.80.116,1951450232,192.168.0.123,2063640768,21368,43,udp,1,5683,57525,22,Not Found,,,,,0,1,2025-10-28T14:18:34.115+0100,1761657514,115530,/qlink/guide?true,3,28,1,2,0,4.04 Not Found,32112,,
120.196.80.116,1951450232,192.168.0.123,2063640768,22447,43,udp,1,5683,42064,22,Not Found,,,,,0,1,2025-10-28T14:19:02.284+0100,1761657542,284881,/qlink/request?true,3,28,1,2,0,4.04 Not Found,32112,,
111.20.103.146,2456228975,192.168.0.123,2063640768,28048,41,udp,1,5683,59267,22,Not Found,,,,,0,1,2025-10-28T14:19:02.285+0100,1761657542,285005,/qlink/request?true,3,28,1,2,0,4.04 Not Found,32112,,
120.196.80.116,1951450232,192.168.0.123,2063640768,27649,43,udp,1,5683,49248,31,Method Not Allowed,,,,,0,1,2025-10-28T14:19:58.709+0100,1761657598,709302,/apdevice/control/WiFiSwitch,3,46,1,2,0,4.05 Method Not Allowed,32112,,
111.20.103.146,2456228975,192.168.0.123,2063640768,31404,41,udp,1,5683,60540,31,Method Not Allowed,,,,,0,1,2025-10-28T14:19:58.709+0100,1761657598,709436,/apdevice/control/WiFiSwitch,3,46,1,2,0,4.05 Method Not Allowed,32112,,
111.20.103.146,2456228975,192.168.0.123,2063640768,33714,41,udp,1,5683,37194,31,Method Not Allowed,,,,,0,1,2025-10-28T14:20:26.660+0100,1761657626,660548,/apdevice/control/RadioConfig,3,46,1,2,0,4.05 Method Not Allowed,32112,,
120.196.80.116,1951450232,192.168.0.123,2063640768,29942,43,udp,1,5683,39769,31,Method Not Allowed,,,,,0,1,2025-10-28T14:20:26.677+0100,1761657626,677210,/apdevice/control/RadioConfig,3,46,1,2,0,4.05 Method Not Allowed,32112,,
111.20.103.146,2456228975,192.168.0.123,2063640768,34095,41,udp,1,5683,38246,31,Method Not Allowed,,,,,0,1,2025-10-28T14:20:54.825+0100,1761657654,825758,/apdevice/control/WPS,3,46,1,2,0,4.05 Method Not Allowed,32112,,
120.196.80.116,1951450232,192.168.0.123,2063640768,30829,43,udp,1,5683,59969,31,Method Not Allowed,,,,,0,1,2025-10-28T14:20:54.825+0100,1761657654,825951,/apdevice/control/WPS,3,46,1,2,0,4.05 Method Not Allowed,32112,,
120.196.80.116,1951450232,192.168.0.123,2063640768,33110,43,udp,1,5683,43371,31,Method Not Allowed,,,,,0,1,2025-10-28T14:21:22.893+0100,1761657682,893428,/apdevice/control/MacFilter,3,46,1,2,0,4.05 Method Not Allowed,32112,,
111.20.103.146,2456228975,192.168.0.123,2063640768,35097,41,udp,1,5683,36148,31,Method Not Allowed,,,,,0,1,2025-10-28T14:21:22.919+0100,1761657682,919373,/apdevice/control/MacFilter,3,46,1,2,0,4.05 Method Not Allowed,32112,,
120.196.80.116,1951450232,192.168.0.123,2063640768,35713,43,udp,1,5683,56079,31,Method Not Allowed,,,,,0,1,2025-10-28T14:21:50.021+0100,1761657710,21822,/apdevice/control/Reboot,3,46,1,2,0,4.05 Method Not Allowed,32112,,
111.20.103.146,2456228975,192.168.0.123,2063640768,36407,41,udp,1,5683,40577,31,Method Not Allowed,,,,,0,1,2025-10-28T14:21:50.044+0100,1761657710,44962,/apdevice/control/Reboot,3,46,1,2,0,4.05 Method Not Allowed,32112,,
111.20.103.146,2456228975,192.168.0.123,2063640768,36884,41,udp,1,5683,43540,31,Method Not Allowed,,,,,0,1,2025-10-28T14:22:18.153+0100,1761657738,153711,/apdevice/control/LEDControl,3,46,1,2,0,4.05 Method Not Allowed,32112,,
120.196.80.116,1951450232,192.168.0.123,2063640768,38208,43,udp,1,5683,34949,31,Method Not Allowed,,,,,0,1,2025-10-28T14:22:18.163+0100,1761657738,163747,/apdevice/control/LEDControl,3,46,1,2,0,4.05 Method Not Allowed,32112,,
120.196.80.116,1951450232,192.168.0.123,2063640768,39544,43,udp,1,5683,34449,3146,"{
	""data"":	{
		""hardwareVersion"":	""HV4.0.0"",
		""softwareVersion"":	""RAX3000-ZXW.ZD.06"",
		""WorkingMode"":	1,
		""FlashSize"":	128,
		""RamSize"":	512,
		""CPUOccupancyRate"":	5,
		""RamOccupancyRate"":	23,
		""UpTime"":	""589916"",
		""MacFilterEnable"":	0,
		""MacFilterPolicy"":	0,
		""MacFilterEntries"":	"""",
		""LEDOnOff"":	1,
		""BandSteeringStatus"":	0,
		""RoamingSwitch"":	0,
		""LowRSSI2.4G"":	-79,
		""LowRSSI5G"":	-79,
		""IPv6ConnStatus"":	""Unconnected"",
		""IPv6IPAddressOrigin"":	""AutoConfigured"",
		""IPv6IPAddress"":	""::"",
		""IPv6DNSServers"":	""::"",
		""IPv6PrefixDelegationEnabled"":	""FALSE"",
		""IPv6PrefixOrigin"":	""PrefixDelegation"",
		""IPv6Prefix"":	""::"",
		""IPv6PrefixPltime"":	0,
		""IPv6PrefixVltime"":	0,
		""DefaultIPv6Gateway"":	""::"",
		""Dslite_Enable"":	""FALSE"",
		""IPv6Status"":	0,
		""SyncCode"":	""0"",
		""Radios"":	[{
				""Radio"":	""2.4G"",
				""Enable"":	1,
				""TransmitPower"":	""100"",
				""SSIDStandard"":	""802.11b/g/n/ax"",
				""NoiseLevel"":	""-89"",
				""LoadRate"":	56,
				""InterferencePercent"":	56,
				""Channel"":	""1"",
				""Bandwidth"":	1
			}, {
				""Radio"":	""5G"",
				""Enable"":	1,
				""TransmitPower"":	""100"",
				""SSIDStandard"":	""802.11a/n/ac/ax"",
				""NoiseLevel"":	""-92"",
				""LoadRate"":	4,
				""InterferencePercent"":	4,
				""Channel"":	""48"",
				""Bandwidth"":	0
			}],
		""Configurations"":	[{
				""Radio"":	""2.4G"",
				""Index"":	1,
				""Enable"":	1,
				""SSID"":	""泗海超市"",
				""SecurityMode"":	""MIXED-WPA2WPA3"",
				""Pwd"":	""AA888888889"",
				""Encrypt"":	1,
				""MaxAssociateNum"":	64,
				""SSIDAdvertisementEnabled"":	1
			}, {
				""Radio"":	""2.4G"",
				""Index"":	2,
				""Enable"":	0,
				""SSID"":	""CMCC-GUIDE-LINK"",
				""SecurityMode"":	""WPA2-Personal"",
				""Pwd"":	""!@#$%12345"",
				""Encrypt"":	3,
				""MaxAssociateNum"":	64,
				""SSIDAdvertisementEnabled"":	1
			}, {
				""Radio"":	""2.4G"",
				""Index"":	3,
				""Enable"":	0,
				""SSID"":	""CMCC-BE80_Guest"",
				""SecurityMode"":	""None"",
				""Pwd"":	"""",
				""Encrypt"":	3,
				""MaxAssociateNum"":	64,
				""SSIDAdvertisementEnabled"":	1
			}, {
				""Radio"":	""2.4G"",
				""Index"":	4,
				""Enable"":	0,
				""SSID"":	""泗海超市_Wi-Fi5"",
				""SecurityMode"":	""WPA2-Personal"",
				""Pwd"":	""AA888888889"",
				""Encrypt"":	1,
				""MaxAssociateNum"":	64,
				""SSIDAdvertisementEnabled"":	1
			}, {
				""Radio"":	""5G"",
				""Index"":	5,
				""Enable"":	1,
				""SSID"":	""泗海超市-5G"",
				""SecurityMode"":	""MIXED-WPA2WPA3"",
				""Pwd"":	""AA888888889"",
				""Encrypt"":	1,
				""MaxAssociateNum"":	64,
				""SSIDAdvertisementEnabled"":	1
			}, {
				""Radio"":	""5G"",
				""Index"":	6,
				""Enable"":	1,
				""SSID"":	""MESH-0CBE86-5G"",
				""SecurityMode"":	""WPA2-Personal"",
				""Pwd"":	""!@#$%12345"",
				""Encrypt"":	3,
				""MaxAssociateNum"":	64,
				""SSIDAdvertisementEnabled"":	0
			}, {
				""Radio"":	""5G"",
				""Index"":	7,
				""Enable"":	0,
				""SSID"":	""CMCC-BE80-5G_Guest"",
				""SecurityMode"":	""None"",
				""Pwd"":	"""",
				""Encrypt"":	3,
				""MaxAssociateNum"":	64,
				""SSIDAdvertisementEnabled"":	1
			}, {
				""Radio"":	""5G"",
				""Index"":	8,
				""Enable"":	0,
				""SSID"":	""泗海超市-5G_Wi-Fi5"",
				""SecurityMode"":	""WPA2-Personal"",
				""Pwd"":	""AA888888889"",
				""Encrypt"":	1,
				""MaxAssociateNum"":	64,
				""SSIDAdvertisementEnabled"":	1
			}]
	},
	""deviceId"":	""""
}",,,,,0,1,2025-10-28T14:23:14.776+0100,1761657794,776103,/apdevice/query/ApConfigInfo,3,2944,1,2,2,2.05 Content,30730,e618,"{""CONTENT_FORMAT"": ""JSON""}"
111.20.103.146,2456228975,192.168.0.123,2063640768,40781,41,udp,1,5683,41776,3096,"{
	""data"":	{
		""hardwareVersion"":	""SR1041HA_R1A"",
		""softwareVersion"":	""07.1103.42.2309"",
		""WorkingMode"":	1,
		""FlashSize"":	128,
		""RamSize"":	512,
		""CPUOccupancyRate"":	6,
		""RamOccupancyRate"":	47,
		""UpTime"":	""764115"",
		""MacFilterEnable"":	0,
		""MacFilterPolicy"":	0,
		""MacFilterEntries"":	"""",
		""LEDOnOff"":	1,
		""BandSteeringStatus"":	0,
		""RoamingSwitch"":	0,
		""LowRSSI2.4G"":	-100,
		""LowRSSI5G"":	-100,
		""IPv6ConnStatus"":	""Unconnected"",
		""IPv6IPAddressOrigin"":	""AutoConfigured"",
		""IPv6IPAddress"":	"""",
		""IPv6DNSServers"":	"""",
		""IPv6PrefixDelegationEnabled"":	""FALSE"",
		""IPv6PrefixOrigin"":	""PrefixDelegation"",
		""IPv6Prefix"":	"""",
		""IPv6PrefixPltime"":	0,
		""IPv6PrefixVltime"":	0,
		""DefaultIPv6Gateway"":	"""",
		""Dslite_Enable"":	""FALSE"",
		""IPv6Status"":	1,
		""SyncStatus"":	0,
		""SyncCode"":	""0"",
		""Radios"":	[{
				""Radio"":	""2.4G"",
				""Enable"":	1,
				""TransmitPower"":	""100"",
				""SSIDStandard"":	""802.11ax"",
				""NoiseLevel"":	""-83"",
				""LoadRate"":	53,
				""InterferencePercent"":	53,
				""Channel"":	""11"",
				""Bandwidth"":	1
			}, {
				""Radio"":	""5G"",
				""Enable"":	1,
				""TransmitPower"":	""100"",
				""SSIDStandard"":	""802.11ax"",
				""NoiseLevel"":	""-88"",
				""LoadRate"":	3,
				""InterferencePercent"":	3,
				""Channel"":	""157"",
				""Bandwidth"":	0
			}],
		""Configurations"":	[{
				""Radio"":	""2.4G"",
				""Index"":	1,
				""Enable"":	1,
				""SSID"":	""BXL"",
				""SecurityMode"":	""MIXED-WPAPSK2"",
				""Pwd"":	""BXL117117"",
				""Encrypt"":	1,
				""MaxAssociateNum"":	72,
				""SSIDAdvertisementEnabled"":	1
			}, {
				""Radio"":	""2.4G"",
				""Index"":	2,
				""Enable"":	0,
				""SSID"":	""CMCC-GUIDE-LINK"",
				""SecurityMode"":	""WPA2-Personal"",
				""Pwd"":	"">fk2XZwL"",
				""Encrypt"":	3,
				""MaxAssociateNum"":	10,
				""SSIDAdvertisementEnabled"":	0
			}, {
				""Radio"":	""2.4G"",
				""Index"":	3,
				""Enable"":	0,
				""SSID"":	""CMCC_fh2g3"",
				""SecurityMode"":	""MIXED-WPAPSK2"",
				""Pwd"":	""12345678"",
				""Encrypt"":	1,
				""MaxAssociateNum"":	72,
				""SSIDAdvertisementEnabled"":	1
			}, {
				""Radio"":	""2.4G"",
				""Index"":	4,
				""Enable"":	0,
				""SSID"":	""CMCC-QLINK"",
				""SecurityMode"":	""None"",
				""Pwd"":	"""",
				""Encrypt"":	1,
				""MaxAssociateNum"":	72,
				""SSIDAdvertisementEnabled"":	0
			}, {
				""Radio"":	""5G"",
				""Index"":	5,
				""Enable"":	1,
				""SSID"":	""BXL-5G"",
				""SecurityMode"":	""MIXED-WPAPSK2"",
				""Pwd"":	""BXL117117"",
				""Encrypt"":	1,
				""MaxAssociateNum"":	72,
				""SSIDAdvertisementEnabled"":	1
			}, {
				""Radio"":	""5G"",
				""Index"":	6,
				""Enable"":	1,
				""SSID"":	""CMCC_fh5g2"",
				""SecurityMode"":	""MIXED-WPAPSK2"",
				""Pwd"":	""12345678"",
				""Encrypt"":	1,
				""MaxAssociateNum"":	72,
				""SSIDAdvertisementEnabled"":	0
			}, {
				""Radio"":	""5G"",
				""Index"":	7,
				""Enable"":	0,
				""SSID"":	""CMCC_fh5g3"",
				""SecurityMode"":	""MIXED-WPAPSK2"",
				""Pwd"":	""12345678"",
				""Encrypt"":	1,
				""MaxAssociateNum"":	72,
				""SSIDAdvertisementEnabled"":	1
			}, {
				""Radio"":	""5G"",
				""Index"":	8,
				""Enable"":	0,
				""SSID"":	""CMCC_fh5g4"",
				""SecurityMode"":	""MIXED-WPAPSK2"",
				""Pwd"":	""12345678"",
				""Encrypt"":	1,
				""MaxAssociateNum"":	72,
				""SSIDAdvertisementEnabled"":	1
			}]
	},
	""deviceId"":	""""
}",,,,,0,1,2025-10-28T14:23:14.778+0100,1761657794,778841,/apdevice/query/ApConfigInfo,3,2944,1,2,2,2.05 Content,38611,f827,"{""CONTENT_FORMAT"": ""JSON""}"
120.196.80.116,1951450232,192.168.0.123,2063640768,41712,43,udp,1,5683,45318,284,"{
	""data"":	{
		""UplinkType"":	""Ethernet"",
		""MacAddress"":	""A47B2C1D1374"",
		""Radio"":	"""",
		""SSID"":	"""",
		""Noise"":	"""",
		""SNR"":	"""",
		""RSSI"":	"""",
		""RxRate"":	""1000"",
		""TxRate"":	""1000"",
		""RxRate_rt"":	""0.009"",
		""TxRate_rt"":	""0.075"",
		""Channel"":	""""
	},
	""deviceId"":	""""
}",,,,,0,1,2025-10-28T14:23:43.629+0100,1761657823,629357,/apdevice/query/UplinkStatus,3,552,1,2,0,2.05 Content,32112,,"{""CONTENT_FORMAT"": ""JSON""}"
111.20.103.146,2456228975,192.168.0.123,2063640768,42779,41,udp,1,5683,43416,280,"{
	""data"":	{
		""UplinkType"":	""Ethernet"",
		""MacAddress"":	""64B2B4555B41"",
		""Radio"":	"""",
		""SSID"":	"""",
		""Noise"":	"""",
		""SNR"":	"""",
		""RSSI"":	"""",
		""RxRate"":	""100"",
		""TxRate"":	""100"",
		""RxRate_rt"":	""0.03"",
		""TxRate_rt"":	""0.70"",
		""Channel"":	""""
	},
	""deviceId"":	""""
}",,,,,0,1,2025-10-28T14:23:43.728+0100,1761657823,728086,/apdevice/query/UplinkStatus,3,544,1,2,0,2.05 Content,32112,,"{""CONTENT_FORMAT"": ""JSON""}"
120.196.80.116,1951450232,192.168.0.123,2063640768,44301,43,udp,1,5683,43779,4908,"{
	""data"":	{
		""Devices"":	[{
				""IPAddress"":	""192.168.10.4"",
				""STAIPv6IPAddress"":	""::"",
				""MacAddress"":	""F2FD9B1C3DC9"",
				""VMacAddress"":	""F2FD9B1C3DC9"",
				""STAType"":	""phone"",
				""HostName"":	""OXF-AN00"",
				""UpTime"":	""2706"",
				""Radio"":	""5G"",
				""SSID"":	""泗海超市-5G"",
				""RSSI"":	""-80"",
				""RxRate"":	""6"",
				""TxRate"":	""260"",
				""RxRate_rt"":	""0.000"",
				""TxRate_rt"":	""0.000""
			}, {
				""IPAddress"":	""192.168.10.8"",
				""STAIPv6IPAddress"":	""::"",
				""MacAddress"":	""A414371DCBEA"",
				""VMacAddress"":	""A414371DCBEA"",
				""STAType"":	""other"",
				""HostName"":	""anonymous"",
				""UpTime"":	""579427"",
				""Radio"":	"""",
				""SSID"":	"""",
				""RSSI"":	"""",
				""RxRate"":	""100"",
				""TxRate"":	""100"",
				""RxRate_rt"":	""0.000"",
				""TxRate_rt"":	""0.000""
			}, {
				""IPAddress"":	""192.168.10.168"",
				""STAIPv6IPAddress"":	""::"",
				""MacAddress"":	""C42F9085916D"",
				""VMacAddress"":	""C42F9085916D"",
				""STAType"":	""other"",
				""HostName"":	""anonymous"",
				""UpTime"":	""589929"",
				""Radio"":	"""",
				""SSID"":	"""",
				""RSSI"":	"""",
				""RxRate"":	""1000"",
				""TxRate"":	""1000"",
				""RxRate_rt"":	""0.000"",
				""TxRate_rt"":	""0.000""
			}, {
				""IPAddress"":	""192.168.10.7"",
				""STAIPv6IPAddress"":	""::"",
				""MacAddress"":	""BCAD28414F5B"",
				""VMacAddress"":	""BCAD28414F5B"",
				""STAType"":	""other"",
				""HostName"":	""anonymous"",
				""UpTime"":	""589869"",
				""Radio"":	"""",
				""SSID"":	"""",
				""RSSI"":	"""",
				""RxRate"":	""1000"",
				""TxRate"":	""1000"",
				""RxRate_rt"":	""0.000"",
				""TxRate_rt"":	""0.000""
			}, {
				""IPAddress"":	""192.168.10.14"",
				""STAIPv6IPAddress"":	""::"",
				""MacAddress"":	""F46D2F52049B"",
				""VMacAddress"":	""F46D2F52049B"",
				""STAType"":	""pc"",
				""HostName"":	""IPC"",
				""UpTime"":	""589934"",
				""Radio"":	"""",
				""SSID"":	"""",
				""RSSI"":	"""",
				""RxRate"":	""1000"",
				""TxRate"":	""1000"",
				""RxRate_rt"":	""0.000"",
				""TxRate_rt"":	""0.000""
			}, {
				""IPAddress"":	""192.168.10.201"",
				""STAIPv6IPAddress"":	""::"",
				""MacAddress"":	""54C41557680C"",
				""VMacAddress"":	""54C41557680C"",
				""STAType"":	""other"",
				""HostName"":	""anonymous"",
				""UpTime"":	""589927"",
				""Radio"":	"""",
				""SSID"":	"""",
				""RSSI"":	"""",
				""RxRate"":	""1000"",
				""TxRate"":	""1000"",
				""RxRate_rt"":	""0.000"",
				""TxRate_rt"":	""0.000""
			}, {
				""IPAddress"":	""192.168.10.200"",
				""STAIPv6IPAddress"":	""::"",
				""MacAddress"":	""BCAD28414F53"",
				""VMacAddress"":	""BCAD28414F53"",
				""STAType"":	""other"",
				""HostName"":	""anonymous"",
				""UpTime"":	""589935"",
				""Radio"":	"""",
				""SSID"":	"""",
				""RSSI"":	"""",
				""RxRate"":	""1000"",
				""TxRate"":	""1000"",
				""RxRate_rt"":	""0.000"",
				""TxRate_rt"":	""0.000""
			}, {
				""IPAddress"":	""192.168.10.149"",
				""STAIPv6IPAddress"":	""::"",
				""MacAddress"":	""34F7162FB738"",
				""VMacAddress"":	""34F7162FB738"",
				""STAType"":	""other"",
				""HostName"":	""TL-IPC44AN-4"",
				""UpTime"":	""39846"",
				""Radio"":	""2.4G"",
				""SSID"":	""泗海超市"",
				""RSSI"":	""-41"",
				""RxRate"":	""1"",
				""TxRate"":	""135"",
				""RxRate_rt"":	""0.000"",
				""TxRate_rt"":	""0.000""
			}, {
				""IPAddress"":	""192.168.10.2"",
				""STAIPv6IPAddress"":	""::"",
				""MacAddress"":	""24753A6790D5"",
				""VMacAddress"":	""24753A6790D5"",
				""STAType"":	""phone"",
				""HostName"":	""OPPO-Find-X5-Pro"",
				""UpTime"":	""65451"",
				""Radio"":	""2.4G"",
				""SSID"":	""泗海超市"",
				""RSSI"":	""-44"",
				""RxRate"":	""8"",
				""TxRate"":	""258"",
				""RxRate_rt"":	""0.000"",
				""TxRate_rt"":	""0.000""
			}, {
				""IPAddress"":	""192.168.10.3"",
				""STAIPv6IPAddress"":	""::"",
				""MacAddress"":	""F27899B54504"",
				""VMacAddress"":	""F27899B54504"",
				""STAType"":	""phone"",
				""HostName"":	""OPPO-Reno11-Pro-5G"",
				""UpTime"":	""52985"",
				""Radio"":	""2.4G"",
				""SSID"":	""泗海超市"",
				""RSSI"":	""-47"",
				""RxRate"":	""143"",
				""TxRate"":	""286"",
				""RxRate_rt"":	""0.000"",
				""TxRate_rt"":	""0.000""
			}, {
				""IPAddress"":	""192.168.10.5"",
				""STAIPv6IPAddress"":	""::"",
				""MacAddress"":	""345A6012BAFA"",
				""VMacAddress"":	""345A6012BAFA"",
				""STAType"":	""pc"",
				""HostName"":	""PC-20241122KCDJ"",
				""UpTime"":	""50713"",
				""Radio"":	"""",
				""SSID"":	"""",
				""RSSI"":	"""",
				""RxRate"":	""1000"",
				""TxRate"":	""1000"",
				""RxRate_rt"":	""0.000"",
				""TxRate_rt"":	""0.000""
			}, {
				""IPAddr",,,,,0,1,2025-10-28T14:24:11.802+0100,1761657851,802583,/apdevice/query/STAInfo,3,2944,1,2,2,2.05 Content,35848,4bc7,"{""CONTENT_FORMAT"": ""JSON""}"
111.20.103.146,2456228975,192.168.0.123,2063640768,42805,41,udp,1,5683,37989,1864,"{
	""data"":	{
		""Devices"":	[{
				""IPAddress"":	""192.168.10.7"",
				""STAIPv6IPAddress"":	"""",
				""MacAddress"":	""1215D2F97B59"",
				""VMacAddress"":	""1215D2F97B59"",
				""STAType"":	""others"",
				""HostName"":	""unknown"",
				""UpTime"":	""8474"",
				""Radio"":	""2.4G"",
				""SSID"":	""BXL"",
				""RSSI"":	""-51"",
				""RxRate"":	""229"",
				""TxRate"":	""172"",
				""RxRate_rt"":	""0.00"",
				""TxRate_rt"":	""0.00""
			}, {
				""IPAddress"":	""192.168.10.3"",
				""STAIPv6IPAddress"":	"""",
				""MacAddress"":	""1C1B0DBBEF18"",
				""VMacAddress"":	""1C1B0DBBEF18"",
				""STAType"":	""PC"",
				""HostName"":	""USER-QGI11VA0DO"",
				""UpTime"":	""18322"",
				""Radio"":	"""",
				""SSID"":	"""",
				""RSSI"":	"""",
				""RxRate"":	""1000"",
				""TxRate"":	""1000"",
				""RxRate_rt"":	""0.00"",
				""TxRate_rt"":	""0.00""
			}, {
				""IPAddress"":	""192.168.10.13"",
				""STAIPv6IPAddress"":	"""",
				""MacAddress"":	""34F716E0BB31"",
				""VMacAddress"":	""34F716E0BB31"",
				""STAType"":	""others"",
				""HostName"":	"""",
				""UpTime"":	""41134"",
				""Radio"":	"""",
				""SSID"":	"""",
				""RSSI"":	"""",
				""RxRate"":	""100"",
				""TxRate"":	""100"",
				""RxRate_rt"":	""0.00"",
				""TxRate_rt"":	""0.00""
			}, {
				""IPAddress"":	""192.168.10.4"",
				""STAIPv6IPAddress"":	"""",
				""MacAddress"":	""F02F74318683"",
				""VMacAddress"":	""F02F74318683"",
				""STAType"":	""PC"",
				""HostName"":	""admin-PC"",
				""UpTime"":	""50730"",
				""Radio"":	"""",
				""SSID"":	"""",
				""RSSI"":	"""",
				""RxRate"":	""100"",
				""TxRate"":	""100"",
				""RxRate_rt"":	""19.56"",
				""TxRate_rt"":	""0.45""
			}, {
				""IPAddress"":	""192.168.10.2"",
				""STAIPv6IPAddress"":	"""",
				""MacAddress"":	""52E2F1B1F870"",
				""VMacAddress"":	""52E2F1B1F870"",
				""STAType"":	""Phone"",
				""HostName"":	""ma-fei-fei"",
				""UpTime"":	""3779"",
				""Radio"":	""5G"",
				""SSID"":	""BXL-5G"",
				""RSSI"":	""-61"",
				""RxRate"":	""433"",
				""TxRate"":	""433"",
				""RxRate_rt"":	""0.00"",
				""TxRate_rt"":	""0.00""
			}],
		""STANumber"":	5
	},
	""deviceId"":	""""
}",,,,,0,1,2025-10-28T14:24:12.069+0100,1761657852,69710,/apdevice/query/STAInfo,3,2944,1,2,2,2.05 Content,18582,93f0,"{""CONTENT_FORMAT"": ""JSON""}"
120.196.80.116,1951450232,192.168.0.123,2063640768,46218,43,udp,1,5683,44425,2486,"{
	""data"":	{
		""Stats"":	[{
				""Radio"":	""2.4G"",
				""Index"":	1,
				""SSID"":	""泗海超市"",
				""TotalBytesSent"":	-1462057062,
				""TotalBytesReceived"":	-1555318430,
				""TotalPacketsSent"":	4040918,
				""TotalPacketsReceived"":	10454012,
				""ErrorsSent"":	0,
				""ErrorsReceived"":	0,
				""DiscardPacketsSent"":	0,
				""DiscardPacketsReceived"":	0
			}, {
				""Radio"":	""2.4G"",
				""Index"":	2,
				""SSID"":	""CMCC-GUIDE-LINK"",
				""TotalBytesSent"":	0,
				""TotalBytesReceived"":	0,
				""TotalPacketsSent"":	0,
				""TotalPacketsReceived"":	0,
				""ErrorsSent"":	0,
				""ErrorsReceived"":	0,
				""DiscardPacketsSent"":	0,
				""DiscardPacketsReceived"":	0
			}, {
				""Radio"":	""2.4G"",
				""Index"":	3,
				""SSID"":	""CMCC-BE80_Guest"",
				""TotalBytesSent"":	0,
				""TotalBytesReceived"":	0,
				""TotalPacketsSent"":	0,
				""TotalPacketsReceived"":	0,
				""ErrorsSent"":	0,
				""ErrorsReceived"":	0,
				""DiscardPacketsSent"":	0,
				""DiscardPacketsReceived"":	0
			}, {
				""Radio"":	""2.4G"",
				""Index"":	4,
				""SSID"":	""泗海超市_Wi-Fi5"",
				""TotalBytesSent"":	0,
				""TotalBytesReceived"":	0,
				""TotalPacketsSent"":	0,
				""TotalPacketsReceived"":	0,
				""ErrorsSent"":	0,
				""ErrorsReceived"":	0,
				""DiscardPacketsSent"":	0,
				""DiscardPacketsReceived"":	0
			}, {
				""Radio"":	""5G"",
				""Index"":	5,
				""SSID"":	""泗海超市-5G"",
				""TotalBytesSent"":	1321156759,
				""TotalBytesReceived"":	1302840683,
				""TotalPacketsSent"":	2370711,
				""TotalPacketsReceived"":	6832237,
				""ErrorsSent"":	0,
				""ErrorsReceived"":	0,
				""DiscardPacketsSent"":	0,
				""DiscardPacketsReceived"":	0
			}, {
				""Radio"":	""5G"",
				""Index"":	6,
				""SSID"":	""MESH-0CBE86-5G"",
				""TotalBytesSent"":	0,
				""TotalBytesReceived"":	0,
				""TotalPacketsSent"":	0,
				""TotalPacketsReceived"":	0,
				""ErrorsSent"":	0,
				""ErrorsReceived"":	0,
				""DiscardPacketsSent"":	0,
				""DiscardPacketsReceived"":	0
			}, {
				""Radio"":	""5G"",
				""Index"":	7,
				""SSID"":	""CMCC-BE80-5G_Guest"",
				""TotalBytesSent"":	0,
				""TotalBytesReceived"":	0,
				""TotalPacketsSent"":	0,
				""TotalPacketsReceived"":	0,
				""ErrorsSent"":	0,
				""ErrorsReceived"":	0,
				""DiscardPacketsSent"":	0,
				""DiscardPacketsReceived"":	0
			}, {
				""Radio"":	""5G"",
				""Index"":	8,
				""SSID"":	""泗海超市-5G_Wi-Fi5"",
				""TotalBytesSent"":	0,
				""TotalBytesReceived"":	0,
				""TotalPacketsSent"":	0,
				""TotalPacketsReceived"":	0,
				""ErrorsSent"":	0,
				""ErrorsReceived"":	0,
				""DiscardPacketsSent"":	0,
				""DiscardPacketsReceived"":	0
			}]
	},
	""deviceId"":	""""
}",,,,,0,1,2025-10-28T14:24:41.444+0100,1761657881,444147,/apdevice/query/WiFiStats,3,2944,1,2,2,2.05 Content,60116,024b,"{""CONTENT_FORMAT"": ""JSON""}"
111.20.103.146,2456228975,192.168.0.123,2063640768,44965,41,udp,1,5683,49878,3329,"{
	""data"":	{
		""Stats"":	[{
				""Radio"":	""2.4G"",
				""Index"":	1,
				""SSID"":	""BXL"",
				""TotalBytesSent"":	2147483647,
				""TotalBytesReceived"":	650662440,
				""TotalPacketsSent"":	3587870,
				""TotalPacketsReceived"":	1984223,
				""ErrorsSent"":	0,
				""ErrorsReceived"":	1313261,
				""DiscardPacketsSent"":	0,
				""DiscardPacketsReceived"":	1313264
			}, {
				""Radio"":	""2.4G"",
				""Index"":	2,
				""SSID"":	""CMCC-GUIDE-LINK"",
				""TotalBytesSent"":	0,
				""TotalBytesReceived"":	0,
				""TotalPacketsSent"":	0,
				""TotalPacketsReceived"":	0,
				""ErrorsSent"":	0,
				""ErrorsReceived"":	0,
				""DiscardPacketsSent"":	0,
				""DiscardPacketsReceived"":	0
			}, {
				""Radio"":	""2.4G"",
				""Index"":	3,
				""SSID"":	""CMCC_fh2g3"",
				""TotalBytesSent"":	0,
				""TotalBytesReceived"":	0,
				""TotalPacketsSent"":	0,
				""TotalPacketsReceived"":	0,
				""ErrorsSent"":	0,
				""ErrorsReceived"":	0,
				""DiscardPacketsSent"":	0,
				""DiscardPacketsReceived"":	0
			}, {
				""Radio"":	""2.4G"",
				""Index"":	4,
				""SSID"":	""CMCC-QLINK"",
				""TotalBytesSent"":	0,
				""TotalBytesReceived"":	0,
				""TotalPacketsSent"":	0,
				""TotalPacketsReceived"":	0,
				""ErrorsSent"":	0,
				""ErrorsReceived"":	0,
				""DiscardPacketsSent"":	0,
				""DiscardPacketsReceived"":	0
			}, {
				""Radio"":	""5G"",
				""Index"":	5,
				""SSID"":	""BXL-5G"",
				""TotalBytesSent"":	2147483647,
				""TotalBytesReceived"":	352960925,
				""TotalPacketsSent"":	42815961,
				""TotalPacketsReceived"":	23908978,
				""ErrorsSent"":	0,
				""ErrorsReceived"":	0,
				""DiscardPacketsSent"":	0,
				""DiscardPacketsReceived"":	0
			}, {
				""Radio"":	""5G"",
				""Index"":	6,
				""SSID"":	""CMCC_fh5g2"",
				""TotalBytesSent"":	0,
				""TotalBytesReceived"":	0,
				""TotalPacketsSent"":	0,
				""TotalPacketsReceived"":	0,
				""ErrorsSent"":	0,
				""ErrorsReceived"":	0,
				""DiscardPacketsSent"":	0,
				""DiscardPacketsReceived"":	0
			}, {
				""Radio"":	""5G"",
				""Index"":	7,
				""SSID"":	""CMCC_fh5g3"",
				""TotalBytesSent"":	0,
				""TotalBytesReceived"":	0,
				""TotalPacketsSent"":	0,
				""TotalPacketsReceived"":	0,
				""ErrorsSent"":	0,
				""ErrorsReceived"":	0,
				""DiscardPacketsSent"":	0,
				""DiscardPacketsReceived"":	0
			}, {
				""Radio"":	""5G"",
				""Index"":	8,
				""SSID"":	""CMCC_fh5g4"",
				""TotalBytesSent"":	0,
				""TotalBytesReceived"":	0,
				""TotalPacketsSent"":	0,
				""TotalPacketsReceived"":	0,
				""ErrorsSent"":	0,
				""ErrorsReceived"":	0,
				""DiscardPacketsSent"":	0,
				""DiscardPacketsReceived"":	0
			}, {
				""Radio"":	""0"",
				""Index"":	1,
				""SSID"":	"""",
				""TotalBytesSent"":	329874270,
				""TotalBytesReceived"":	2147483647,
				""TotalPacketsSent"":	1602912,
				""TotalPacketsReceived"":	55313173,
				""ErrorsSent"":	0,
				""ErrorsReceived"":	0,
				""DiscardPacketsSent"":	0,
				""DiscardPacketsReceived"":	0
			}, {
				""Radio"":	""0"",
				""Index"":	2,
				""SSID"":	"""",
				""TotalBytesSent"":	2147483647,
				""TotalBytesReceived"":	875594463,
				""TotalPacketsSent"":	3937083,
				""TotalPacketsReceived"":	3129911,
				""ErrorsSent"":	0,
				""ErrorsReceived"":	0,
				""DiscardPacketsSent"":	0,
				""DiscardPacketsReceived"":	0
			}, {
				""Radio"":	""0"",
				""Index"":	3,
				""SSID"":	"""",
				""TotalBytesSent"":	0,
				""TotalBytesReceived"":	0,
				""TotalPacketsSent"":	0,
				""TotalPacketsReceived"":	0,
				""ErrorsSent"":	0,
				""ErrorsReceived"":	0,
				""DiscardPacketsSent"":	0,
				""DiscardPacketsReceived"":	0
			}]
	},
	""deviceId"":	""""
}",,,,,0,1,2025-10-28T14:24:41.566+0100,1761657881,566345,/apdevice/query/WiFiStats,3,2944,1,2,2,2.05 Content,44290,98c5,"{""CONTENT_FORMAT"": ""JSON""}"
120.196.80.116,1951450232,192.168.0.123,2063640768,47961,43,udp,1,5683,42015,2190,"{
	""data"":	{
		""Radios"":	[{
				""Radio"":	""2.4G"",
				""Enable"":	1,
				""TransmitPower"":	""100"",
				""Channel"":	""1"",
				""LoadRate"":	39,
				""Bandwidth"":	1
			}, {
				""Radio"":	""5G"",
				""Enable"":	1,
				""TransmitPower"":	""100"",
				""Channel"":	""48"",
				""LoadRate"":	3,
				""Bandwidth"":	0
			}],
		""Configurations"":	[{
				""Radio"":	""2.4G"",
				""Index"":	1,
				""Enable"":	1,
				""SSID"":	""泗海超市"",
				""SecurityMode"":	""MIXED-WPA2WPA3"",
				""Encrypt"":	1,
				""Pwd"":	""AA888888889"",
				""MaxAssociateNum"":	64,
				""SSIDAdvertisementEnabled"":	1
			}, {
				""Radio"":	""2.4G"",
				""Index"":	2,
				""Enable"":	0,
				""SSID"":	""CMCC-GUIDE-LINK"",
				""SecurityMode"":	""WPA2-Personal"",
				""Encrypt"":	3,
				""Pwd"":	""!@#$%12345"",
				""MaxAssociateNum"":	64,
				""SSIDAdvertisementEnabled"":	1
			}, {
				""Radio"":	""2.4G"",
				""Index"":	3,
				""Enable"":	0,
				""SSID"":	""CMCC-BE80_Guest"",
				""SecurityMode"":	""None"",
				""Encrypt"":	3,
				""Pwd"":	"""",
				""MaxAssociateNum"":	64,
				""SSIDAdvertisementEnabled"":	1
			}, {
				""Radio"":	""2.4G"",
				""Index"":	4,
				""Enable"":	0,
				""SSID"":	""泗海超市_Wi-Fi5"",
				""SecurityMode"":	""WPA2-Personal"",
				""Encrypt"":	1,
				""Pwd"":	""AA888888889"",
				""MaxAssociateNum"":	64,
				""SSIDAdvertisementEnabled"":	1
			}, {
				""Radio"":	""5G"",
				""Index"":	5,
				""Enable"":	1,
				""SSID"":	""泗海超市-5G"",
				""SecurityMode"":	""MIXED-WPA2WPA3"",
				""Encrypt"":	1,
				""Pwd"":	""AA888888889"",
				""MaxAssociateNum"":	64,
				""SSIDAdvertisementEnabled"":	1
			}, {
				""Radio"":	""5G"",
				""Index"":	6,
				""Enable"":	1,
				""SSID"":	""MESH-0CBE86-5G"",
				""SecurityMode"":	""WPA2-Personal"",
				""Encrypt"":	3,
				""Pwd"":	""!@#$%12345"",
				""MaxAssociateNum"":	64,
				""SSIDAdvertisementEnabled"":	0
			}, {
				""Radio"":	""5G"",
				""Index"":	7,
				""Enable"":	0,
				""SSID"":	""CMCC-BE80-5G_Guest"",
				""SecurityMode"":	""None"",
				""Encrypt"":	3,
				""Pwd"":	"""",
				""MaxAssociateNum"":	64,
				""SSIDAdvertisementEnabled"":	1
			}, {
				""Radio"":	""5G"",
				""Index"":	8,
				""Enable"":	0,
				""SSID"":	""泗海超市-5G_Wi-Fi5"",
				""SecurityMode"":	""WPA2-Personal"",
				""Encrypt"":	1,
				""Pwd"":	""AA888888889"",
				""MaxAssociateNum"":	64,
				""SSIDAdvertisementEnabled"":	1
			}]
	},
	""deviceId"":	""""
}",,,,,0,1,2025-10-28T14:25:10.787+0100,1761657910,787689,/apdevice/query/WiFiStatus,3,2944,1,2,1,2.05 Content,60177,01,"{""CONTENT_FORMAT"": ""JSON""}"
111.20.103.146,2456228975,192.168.0.123,2063640768,45271,41,udp,1,5683,33369,2137,"{
	""data"":	{
		""Radios"":	[{
				""Radio"":	""2.4G"",
				""Enable"":	1,
				""TransmitPower"":	""100"",
				""Channel"":	""11"",
				""LoadRate"":	49,
				""Bandwidth"":	1
			}, {
				""Radio"":	""5G"",
				""Enable"":	1,
				""TransmitPower"":	""100"",
				""Channel"":	""157"",
				""LoadRate"":	15,
				""Bandwidth"":	0
			}],
		""Configurations"":	[{
				""Radio"":	""2.4G"",
				""Index"":	1,
				""Enable"":	1,
				""SSID"":	""BXL"",
				""SecurityMode"":	""MIXED-WPAPSK2"",
				""Encrypt"":	1,
				""Pwd"":	""BXL117117"",
				""MaxAssociateNum"":	72,
				""SSIDAdvertisementEnabled"":	1
			}, {
				""Radio"":	""2.4G"",
				""Index"":	2,
				""Enable"":	0,
				""SSID"":	""CMCC-GUIDE-LINK"",
				""SecurityMode"":	""WPA2-Personal"",
				""Encrypt"":	3,
				""Pwd"":	"">fk2XZwL"",
				""MaxAssociateNum"":	10,
				""SSIDAdvertisementEnabled"":	0
			}, {
				""Radio"":	""2.4G"",
				""Index"":	3,
				""Enable"":	0,
				""SSID"":	""CMCC_fh2g3"",
				""SecurityMode"":	""MIXED-WPAPSK2"",
				""Encrypt"":	1,
				""Pwd"":	""12345678"",
				""MaxAssociateNum"":	72,
				""SSIDAdvertisementEnabled"":	1
			}, {
				""Radio"":	""2.4G"",
				""Index"":	4,
				""Enable"":	0,
				""SSID"":	""CMCC-QLINK"",
				""SecurityMode"":	""None"",
				""Encrypt"":	1,
				""Pwd"":	"""",
				""MaxAssociateNum"":	72,
				""SSIDAdvertisementEnabled"":	0
			}, {
				""Radio"":	""5G"",
				""Index"":	5,
				""Enable"":	1,
				""SSID"":	""BXL-5G"",
				""SecurityMode"":	""MIXED-WPAPSK2"",
				""Encrypt"":	1,
				""Pwd"":	""BXL117117"",
				""MaxAssociateNum"":	72,
				""SSIDAdvertisementEnabled"":	1
			}, {
				""Radio"":	""5G"",
				""Index"":	6,
				""Enable"":	1,
				""SSID"":	""CMCC_fh5g2"",
				""SecurityMode"":	""MIXED-WPAPSK2"",
				""Encrypt"":	1,
				""Pwd"":	""12345678"",
				""MaxAssociateNum"":	72,
				""SSIDAdvertisementEnabled"":	0
			}, {
				""Radio"":	""5G"",
				""Index"":	7,
				""Enable"":	0,
				""SSID"":	""CMCC_fh5g3"",
				""SecurityMode"":	""MIXED-WPAPSK2"",
				""Encrypt"":	1,
				""Pwd"":	""12345678"",
				""MaxAssociateNum"":	72,
				""SSIDAdvertisementEnabled"":	1
			}, {
				""Radio"":	""5G"",
				""Index"":	8,
				""Enable"":	0,
				""SSID"":	""CMCC_fh5g4"",
				""SecurityMode"":	""MIXED-WPAPSK2"",
				""Encrypt"":	1,
				""Pwd"":	""12345678"",
				""MaxAssociateNum"":	72,
				""SSIDAdvertisementEnabled"":	1
			}]
	},
	""deviceId"":	""""
}",,,,,0,1,2025-10-28T14:25:11.255+0100,1761657911,255970,/apdevice/query/WiFiStatus,3,2944,1,2,2,2.05 Content,43837,db85,"{""CONTENT_FORMAT"": ""JSON""}"
111.59.22.208,3491117935,192.168.0.123,2063640768,0,41,udp,1,5683,51003,28,"{""respCode"":1}",,,,,0,1,2025-10-28T14:26:08.259+0100,1761657968,259800,/device/inform/requestSync,3,40,1,2,0,2.05 Content,32112,,"{""CONTENT_FORMAT"": ""TEXT""}"
118.100.139.34,579560566,192.168.0.123,2063640768,59165,48,udp,1,5683,35847,31,Method Not Allowed,,,,,0,1,2025-10-28T14:26:36.240+0100,1761657996,240093,/device/inform/change,3,46,1,2,0,4.05 Method Not Allowed,32112,,
